{"ignored_processes": {"chrome.exe": 1781626216.2014737, "Antigravity IDE.exe": 1781626430.874271}}