{"ignored_processes": {"chrome.exe": 1781626216.2014737, "Antigravity IDE.exe": 1781635572.5678174, "MemCompression": 1781636145.982197, "msedgewebview2.exe": 1781638205.8015532}, "fishes": 2, "penguin_color": [133, 173, 117], "fish_count": 2}