{"ignored_processes": {"chrome.exe": 1781626216.2014737, "Antigravity IDE.exe": 1781635572.5678174, "MemCompression": 1781636145.982197}, "fishes": 2, "penguin_color": [68, 84, 214], "fish_count": 0}