{"ignored_processes": {"chrome.exe": 1781626216.2014737, "msedgewebview2.exe": 1781626995.112097, "Antigravity IDE.exe": 1781635572.5678174}, "fishes": 2}