{"ignored_processes": {"chrome.exe": 1781626216.2014737, "Antigravity IDE.exe": 1781626430.874271, "msedgewebview2.exe": 1781626995.112097, "msedge.exe": 1781627609.5125642}, "fishes": 2}