{"ignored_processes": {"chrome.exe": 1781626216.2014737, "MemCompression": 1781636145.982197, "msedgewebview2.exe": 1781638205.8015532, "svchost.exe": 1781641391.3598866, "pyrefly.exe": 1781642656.7013152, "Antigravity IDE.exe": 1781643010.2397335, "llama-server.exe": 1781647863.4502265}, "fishes": 2, "penguin_color": [88, 225, 193], "fish_count": 2, "ai_enabled": true}